,id,miasto,czyPada,iloscWody,cenaAkcji
0,1,Manquiring,0,84217.87,68889.99
1,2,Predavac,1,99050.26,100031.46
2,3,Mir,1,68643.93,112996.67
3,4,Médanos,0,75685.47,45482.03
4,5,Sedatigede,0,91685.67,134037.29
5,6,Mariestad,0,97361.02,67439.47
6,7,Recarei,1,45021.0,107504.61
7,8,Jinhua,1,13158.01,45457.96
8,9,Santa Cruz De Tenerife,0,58280.03,23337.36
9,10,Montijo,0,72030.14,109597.88
10,11,Ratenggoji,0,39308.87,50007.03
11,12,Tiexi,0,97187.73,111547.42
12,13,Ipís,0,3195.66,131305.06
13,14,Nkhotakota,0,56779.5,29021.38
14,15,Konstantinovo,1,42768.52,107377.41
15,16,Daliu,0,92876.0,82734.9
16,17,Kranggan,1,80314.95,90128.88
17,18,Ejido,1,34026.71,89664.92
18,19,Yuscarán,0,37861.58,107606.32
19,20,Hukeng,0,46448.79,46164.1
20,21,Yachimata,0,89318.86,128874.47
21,22,Mirões,1,15293.82,88835.99
22,23,Ostashkov,0,69697.11,99709.83
23,24,Perreng,0,76554.41,95508.23
24,25,Wādī al ‘Uyūn,0,62669.29,91168.66
25,26,San Fernando,0,48089.29,131154.14
26,27,Takari,1,17212.82,93811.52
27,28,Bao’an,0,60032.13,107062.58
28,29,Tambir,0,31827.05,70999.96
29,30,Pérama,0,54424.31,17076.89
30,31,Puqian,1,46291.81,53058.48
31,32,Guadalupe,1,68934.35,56953.21
32,33,Żórawina,1,48926.18,134940.9
33,34,Roskoshnyy,0,54618.0,126620.65
34,35,Ugac Sur,1,84121.33,37906.0
35,36,Parajara,0,79092.14,40348.34
36,37,Papër,1,2525.26,133556.41
37,38,Hegeng,1,62566.11,83965.32
38,39,Mtwara,1,23410.85,20791.16
39,40,Kamphaeng Phet,1,27131.81,128496.65
40,41,Avanca,0,21802.92,129025.65
41,42,Sirindhorn,0,92402.87,84373.48
42,43,Klek,0,48925.4,90553.89
43,44,Ra’s Bayrūt,1,55600.29,77814.28
44,45,Krajan Gajihan,0,22132.64,106349.92
45,46,Tostado,0,90833.36,38542.2
46,47,Tambakbaya,1,68929.78,49978.88
47,48,Marieville,0,46757.06,48261.49
48,49,Heping,1,51629.34,65104.98
49,50,Domampot,0,22366.01,41763.69
50,51,Buenavista,1,42904.49,63407.46
51,52,Louisville,1,8771.33,12344.83
52,53,Rockford,0,27972.15,126798.45
53,54,Shaba,1,27821.51,56862.34
54,55,Depok,0,85422.38,89590.99
55,56,Fāraskūr,1,8774.01,122991.32
56,57,Emiliano Zapata,1,60377.84,66834.24
57,58,Petersfield,1,18542.71,100202.53
58,59,Três Lagoas,0,13060.95,30050.56
59,60,San Vicente,0,61185.12,118101.52
60,61,Vailoatai,1,99701.51,139582.72
61,62,Huddinge,0,24088.68,19384.84
62,63,Shatalovo,1,28366.17,42148.15
63,64,Karangboyo,0,81931.11,14572.91
64,65,Maglajani,0,86750.03,32747.14
65,66,Antonio Toledo Corro,1,21549.82,80867.39
66,67,Lanús,0,91836.36,118813.26
67,68,Porto Seguro,1,88703.18,64412.96
68,69,Gaotai,1,48333.09,66820.95
69,70,San Luis,0,88944.54,27107.56
70,71,Qaxa,1,73665.9,35151.58
71,72,Urek-urek,0,51119.21,49929.09
72,73,Finspång,1,97817.55,19112.08
73,74,San Juan,1,50404.84,49874.99
74,75,Arlington,1,52904.01,103704.34
75,76,Neftegorsk,0,78757.39,100828.18
76,77,Accha,1,48401.81,111792.02
77,78,Pimentel,1,86393.79,20638.15
78,79,Yeniugou,0,76670.9,17460.71
79,80,Sendangagung,1,4295.38,31289.04
80,81,Yudaikelike,0,53948.32,128852.02
81,82,Tākestān,1,30406.46,121405.91
82,83,Kallithéa,0,85062.99,20168.42
83,84,Aleksandrovskiy Zavod,0,93706.37,115099.61
84,85,Sendung,1,52005.12,58895.46
85,86,Pruchnik,0,92951.21,36723.38
86,87,Belo Jardim,1,54537.64,12675.5
87,88,Florida,0,3957.26,65583.09
88,89,Damanhūr,1,8227.41,59306.97
89,90,Mogoditshane,0,1935.09,20338.29
90,91,Misungwi,0,19476.97,27477.21
91,92,Valladolid,0,56727.55,83796.4
92,93,Ciawitali,1,53388.63,111393.0
93,94,Chalon-sur-Saône,0,73307.44,123704.23
94,95,Āshtīān,1,34692.34,132138.53
95,96,Xichangmen,1,57068.07,105206.56
96,97,Zapatero,1,55653.87,78620.5
97,98,Kerkrade,1,66365.21,57729.12
98,99,Chengui,1,10369.18,25222.04
99,100,Pensilvania,0,5636.09,30040.18
100,101,Všetaty,0,97995.7,40780.74
101,102,Omaha,0,39779.35,54076.95
102,103,Konstantynów Łódzki,0,26478.47,19201.57
103,104,Abaeté,1,40764.75,73649.15
104,105,Rio Negro,0,58857.38,104743.06
105,106,Kutapanjang,1,91788.07,138177.93
106,107,Paucar,1,51521.31,85302.96
107,108,Podgortsy,1,22631.66,23297.05
108,109,San Pedro,1,55801.72,82580.92
109,110,Songyuan,0,40999.62,42073.17
110,111,Dubrovka,0,15578.44,117141.39
111,112,Battle Creek,1,24063.84,128057.36
112,113,Grecheskoye,0,81518.35,132063.88
113,114,Shuyuan Zhen,1,43827.53,77261.45
114,115,Inowrocław,1,88188.26,123852.43
115,116,Bačka Palanka,1,16665.97,50993.25
116,117,Blois,0,49956.79,129079.75
117,118,Žatec,0,31637.52,66567.39
118,119,Kuantan,1,15102.63,84928.11
119,120,Qingshui,0,99365.15,94423.67
120,121,Puerto Eldorado,1,19581.37,114162.75
121,122,Franco da Rocha,0,20815.97,111405.76
122,123,Rodotópi,0,7635.05,112312.33
123,124,Jaunpiebalga,1,80842.54,89337.95
124,125,Cimuncang,1,41142.44,132474.58
125,126,Santa Monica,0,57357.89,82299.05
126,127,Luftinjë,1,43705.14,118146.4
127,128,Guapimirim,1,32001.03,20751.73
128,129,Macon,1,88901.06,92724.21
129,130,Providencia,1,55370.63,47986.06
130,131,Kopen,1,40789.65,137278.2
131,132,Gamut,1,84824.96,107617.0
132,133,Maquanzhen,1,61723.01,83394.89
133,134,Ağdaş,0,65742.37,15994.13
134,135,Chenghe,1,58029.6,21063.0
135,136,Pacaembu,0,55309.86,96949.84
136,137,Hantsport,1,54065.78,54650.85
137,138,Lishu,1,96475.96,80435.21
138,139,Tyresö,1,91069.33,130145.55
139,140,Ashikaga,0,19842.02,82695.96
140,141,Jiefangyan,0,4210.49,73401.15
141,142,Sobradinho,0,74589.9,139889.86
142,143,Veliko Tŭrnovo,1,93654.19,21995.43
143,144,Petare,0,27224.54,124335.81
144,145,Shizuoka-shi,0,47566.7,14309.35
145,146,Changling,0,32191.4,107070.97
146,147,Niquelândia,0,38128.28,56662.43
147,148,Lambton Shores,0,30649.76,114486.23
148,149,Tangjiawan,0,52126.75,55032.75
149,150,Bantian,0,85867.17,86844.12
150,151,Castelnaudary,1,81719.19,104180.6
151,152,Adorjan,0,56449.79,43114.48
152,153,Zhuxing Chaoxianzu,1,48583.96,103425.69
153,154,General Lavalle,0,22286.65,97344.68
154,155,Oslo,0,24760.93,99158.26
155,156,Clifden,0,86565.15,130364.41
156,157,Saint Louis,1,84791.49,14066.23
157,158,Vitry-le-François,0,15328.21,79934.13
158,159,Cimrutu,1,8501.84,17365.15
159,160,Antonio Toledo Corro,0,33238.38,114845.98
160,161,Detroit,1,93089.27,22924.66
161,162,Hřebeč,1,54567.41,23382.96
162,163,Welkom,0,4399.58,48359.17
163,164,Podhum,1,39939.63,66899.12
164,165,Nauchnyy Gorodok,0,52579.45,104422.76
165,166,Tumauini,0,50568.17,36491.68
166,167,Butungan,1,20281.75,21382.59
167,168,Arcangel,0,17079.84,108625.65
168,169,Petaling Jaya,1,96954.49,47643.02
169,170,Luhačovice,0,60465.05,105005.41
170,171,Erhaodi,1,21008.08,44741.62
171,172,Bataiporã,0,48125.71,126052.53
172,173,Mohelnice,0,1622.66,86009.31
173,174,Wenquan,1,48112.08,96586.5
174,175,Fort Lauderdale,0,24822.81,116889.78
175,176,Tadou,0,13705.91,132030.98
176,177,Glamang,1,35301.21,130073.09
177,178,Yinying,0,83557.8,123896.86
178,179,Berlin,0,65342.36,53494.99
179,180,Hou’an,1,59377.91,16462.99
180,181,Singabarong,0,4235.51,16886.09
181,182,Seattle,0,16195.11,71984.29
182,183,Xishanzui,0,4711.39,14490.39
183,184,Bakuriani,0,84391.63,108021.28
184,185,Sobienie Jeziory,1,89994.46,104109.58
185,186,Konice,1,64189.69,90610.4
186,187,Avdzaga,1,79777.69,42389.89
187,188,Sukošan,1,49998.26,119460.37
188,189,Khoroshëvo-Mnevniki,1,2853.18,11842.26
189,190,Clermont-Ferrand,1,70980.16,26461.67
190,191,Na Thawi,0,24933.45,103940.52
191,192,Ängelholm,0,14434.29,77653.4
192,193,Guruyan,1,40526.47,86569.11
193,194,Chanika,0,30419.11,60637.39
194,195,Bol,0,90589.84,99589.16
195,196,Yuefeng,1,14192.86,94893.67
196,197,Pego Longo,0,17246.39,32407.09
197,198,Naukot,1,80854.51,72338.01
198,199,Anabar,0,52584.11,109828.88
199,200,Sungaikakap,0,84341.6,91071.41
200,201,Ketangi,1,18722.37,49091.04
201,202,Rostokino,1,66154.2,69530.36
202,203,Lipnica Wielka,1,9699.39,34634.91
203,204,Ciilat,0,25954.87,84557.13
204,205,Hovås,0,73110.49,32979.38
205,206,Cimonyong,1,62193.67,43537.38
206,207,Tovarkovskiy,1,16355.49,31446.79
207,208,Dārān,0,41936.93,84149.01
208,209,Orléans,0,9155.43,32571.14
209,210,Sanshui,0,97031.68,93908.83
210,211,Baoshui,0,60087.7,125969.06
211,212,Qümong,0,17511.67,46521.88
212,213,Yangsha,0,95444.53,112990.1
213,214,Pashiya,1,71130.11,49408.44
214,215,Yangju,1,32852.09,75991.45
215,216,Kävlinge,1,39279.11,120911.08
216,217,Yumendong,0,2150.63,61746.66
217,218,Douala,0,18350.42,102298.81
218,219,Boca Suno,0,71549.71,14578.74
219,220,Acolla,0,5220.89,82653.73
220,221,Deneysville,1,27463.64,20243.44
221,222,Kokoshkino,0,95378.54,106186.96
222,223,Kamakura,0,11377.64,112432.51
223,224,Peace River,1,56587.21,96633.91
224,225,Jasienica,1,2122.69,79651.12
225,226,Stavyshche,1,18169.78,50431.91
226,227,Taposan,1,75894.64,46829.31
227,228,Gayabaru,0,56261.22,19601.97
228,229,Taldyqorghan,0,55895.96,105877.75
229,230,San Juan de Mata,0,37935.08,50376.18
230,231,Kitob,0,28678.23,78899.7
231,232,Mucllo,0,7820.74,134814.95
232,233,Strasbourg,0,99050.36,92495.95
233,234,Gaobu,0,21955.36,96326.92
234,235,Nahura,0,7675.49,82462.66
235,236,Chocos,0,1751.54,45831.79
236,237,Lengshui,0,67319.39,25778.6
237,238,Curití,0,45041.96,78835.9
238,239,Morrinhos,1,46882.85,101267.64
239,240,Dagsar,0,81711.43,11663.91
240,241,Lajkovac,1,10114.19,23819.35
241,242,Funes,0,76616.02,84170.64
242,243,Grebenskaya,0,69737.69,127069.32
243,244,Shashi,0,27029.44,46912.06
244,245,Hitoyoshi,1,88405.55,93137.13
245,246,Anju,0,20417.18,113942.35
246,247,Klapagada,1,18279.64,76578.91
247,248,Jaunpils,0,14653.25,13021.43
248,249,Ecilda Paullier,1,78199.1,138115.03
249,250,Zgurovka,0,74269.03,61338.14
250,251,Haramgai,1,69304.03,113470.35
251,252,Canghou,1,69389.42,110255.6
252,253,Madīnat ash Shamāl,0,76510.41,119307.4
253,254,Vilufushi,1,40216.92,124304.67
254,255,Xiong’erzhai,0,7463.51,129882.29
255,256,Jawa,1,55377.19,38848.84
256,257,Hezhai,0,74603.59,38375.61
257,258,Złocieniec,0,19935.15,63430.57
258,259,Murree,1,54174.09,24348.19
259,260,Xihu,1,49815.75,111680.59
260,261,Weichanglu,0,91695.71,134024.5
261,262,Tessalit,1,62018.57,52252.66
262,263,Villa Mercedes,0,71655.55,19476.96
263,264,Marantao,0,43628.48,95601.18
264,265,Huaxian,1,10439.24,39202.13
265,266,Longshan,0,24272.15,134550.11
266,267,Laingsburg,0,44737.39,37086.37
267,268,Vila Nova de Santo André,1,34543.87,82923.76
268,269,Marataizes,1,19643.95,36608.26
269,270,Khantaghy,0,36818.57,127613.18
270,271,Saverne,1,19487.0,130460.28
271,272,Soe,0,11276.32,84423.19
272,273,Vigia,1,21259.04,55835.09
273,274,Nagato,1,38669.85,17226.64
274,275,Marston,0,72443.45,27253.55
275,276,Kedrovyy,0,30147.52,110641.46
276,277,Blagodatnoye,1,92875.0,131744.56
277,278,Spassk-Dal’niy,0,19424.74,24325.23
278,279,Jocotán,0,75178.36,119053.18
279,280,Narach,0,26492.81,129371.77
280,281,Alpiarça,1,67168.36,51524.53
281,282,Jingang,1,57012.52,39115.98
282,283,Tayang,1,61895.35,92850.58
283,284,Katav-Ivanovsk,1,89907.92,96991.8
284,285,Wurigelebur,0,34526.06,26337.43
285,286,Piketberg,0,57610.78,27331.46
286,287,Cuevas,1,84514.15,105101.88
287,288,Shuanghe,1,55195.38,63942.46
288,289,Saint-André-Avellin,0,80260.0,81931.47
289,290,Yangzi,1,53786.39,24100.71
290,291,Namioka,1,85984.81,76246.67
291,292,Smarhon’,0,28580.85,45172.73
292,293,Gamut,0,6313.03,95091.7
293,294,Molave,0,81642.79,49487.62
294,295,Arruda dos Vinhos,1,39484.12,84724.78
295,296,Sovetskaya,1,31258.31,42288.68
296,297,Baganga,0,9797.12,87925.96
297,298,Quangang,0,69597.57,101708.97
298,299,Kolyvan’,0,51396.2,16454.25
299,300,Araripina,1,33376.73,18246.44
300,301,Padova,0,76260.93,133023.32
301,302,Fresnes,1,33922.52,48123.51
302,303,Brak,1,50780.89,28436.45
303,304,Phonphisai,1,12824.11,129390.6
304,305,Pruszcz,1,29924.42,22583.08
305,306,Pataias,0,93501.66,137327.93
306,307,Siteía,0,99966.99,61770.57
307,308,Wuluquele,0,17303.16,59193.22
308,309,Floriana,1,95272.42,64642.05
309,310,Ollachea,1,78233.37,118862.44
310,311,Žatec,1,69819.87,41166.91
311,312,Pushkino,1,76861.41,69438.23
312,313,San Salvador de Jujuy,1,14942.87,93387.9
313,314,Regueiro,1,92190.07,97441.2
314,315,Wichita,0,81129.06,39485.63
315,316,Kembangkerang Lauk Timur,1,42861.34,135063.26
316,317,Nirji,0,59937.59,32975.11
317,318,Elói Mendes,1,85052.62,59883.12
318,319,Butare,1,19085.65,60327.96
319,320,Potštát,1,18093.05,17609.29
320,321,Montpellier,1,52822.09,33059.51
321,322,Tunduma,0,65559.96,113311.63
322,323,Lincoln,1,8491.73,69416.17
323,324,Miami,1,57919.64,12971.59
324,325,Monte Aprazível,1,68430.72,21305.65
325,326,Sanok,1,32977.05,49693.02
326,327,Shunhe,1,52435.22,135057.31
327,328,Bi’r Ḩāt,1,20118.33,105164.12
328,329,Budapest,1,7276.68,107098.19
329,330,Sumanding,0,65135.29,16751.19
330,331,Avesta,1,11545.11,133985.42
331,332,Beibao,0,39898.47,85081.99
332,333,Millerovo,1,39140.97,56729.66
333,334,Kunjāh,1,70386.03,17257.75
334,335,Maliang,1,39120.31,103927.42
335,336,Ganfang,0,97179.47,127484.7
336,337,Al Madīd,0,69219.38,25853.42
337,338,Dourados,0,67586.1,21036.38
338,339,Árta,0,79670.33,11884.75
339,340,Bolembre,0,77529.62,88878.84
340,341,Jinhe,1,91490.77,93930.08
341,342,Pavlovka,1,64058.04,15979.62
342,343,Rungis,0,11196.09,33645.27
343,344,Yahil’nytsya,1,32727.79,33813.54
344,345,Reisjärvi,1,18584.93,49212.13
345,346,Bella Vista,1,41127.8,96474.84
346,347,Quba,0,57708.88,42549.84
347,348,Gharyan,1,45118.62,117963.7
348,349,Quebradas,0,27273.92,105390.3
349,350,Limanowa,0,93103.0,97922.56
350,351,Calauag,0,75106.14,25712.46
351,352,Manlio Fabio Altamirano,1,72297.63,123201.07
352,353,Linköping,1,63641.47,110591.92
353,354,Lunang,1,17689.47,78027.42
354,355,Lazdijai,0,27805.34,61757.91
355,356,Sokyryany,1,35868.24,49776.16
356,357,‘Ayn Ḩalāqīm,1,29528.78,138288.72
357,358,Madoi,1,74456.41,17144.72
358,359,Tarutung,0,87506.73,137109.67
359,360,Dazhipo,0,68605.64,109774.88
360,361,Lembanah,0,29227.22,38546.29
361,362,Goranboy,0,50348.32,92796.28
362,363,Wuluquele,0,15290.95,36750.18
363,364,Sanguansi,1,1720.58,104961.14
364,365,Angasmarca,0,82159.85,104124.36
365,366,Beo,0,3819.48,102920.0
366,367,Sindangsari,0,26004.6,63749.16
367,368,Bor,1,26355.24,90034.35
368,369,Jincheng,1,41653.84,52882.37
369,370,Mirecourt,1,65726.35,127196.5
370,371,Hamilton,0,21840.94,94727.84
371,372,Nowe Grocholice,1,36098.47,129087.69
372,373,San Juan de la Maguana,1,60178.52,119234.77
373,374,Xihuachi,0,79956.79,47732.15
374,375,La Julia,1,33903.27,50811.25
375,376,Yaypan,0,6469.33,71003.64
376,377,Ugbokpo,1,16712.16,45494.61
377,378,Barotac Nuevo,0,23119.01,78427.5
378,379,Oka,0,63844.82,111876.97
379,380,Castro Barros,1,9347.14,89789.36
380,381,Gubuk Daya,0,11354.7,99641.52
381,382,Chambellan,1,79851.03,66566.65
382,383,Wujing,1,85291.35,86954.99
383,384,Jianxi,1,90279.02,81381.21
384,385,Oula Xiuma,0,74415.92,36414.53
385,386,Beigao,0,97792.54,104262.75
386,387,Blumbang,1,16430.12,92095.13
387,388,Eg,1,61326.5,42385.72
388,389,Madrid,1,48914.82,107007.29
389,390,Zgłobień,1,45404.38,124355.69
390,391,Neuilly-sur-Marne,0,55785.96,76026.26
391,392,Jaguariaíva,0,47118.36,111877.19
392,393,Keroka,0,6428.83,40671.2
393,394,Nagosela,1,61831.02,137360.33
394,395,Businga,0,83505.17,65670.72
395,396,Cikadu,0,90327.06,46444.69
396,397,Humpolec,1,89507.66,92318.77
397,398,Pessac,1,70465.24,137097.15
398,399,Kerkrade,1,92929.2,39114.39
399,400,Kalino,0,91054.5,24347.41
400,401,Kermānshāh,1,19752.94,17773.56
401,402,Pinhão,1,83257.82,21604.92
402,403,Besko,0,9945.72,115107.5
403,404,Paris 16,0,80102.77,35144.38
404,405,Limón,0,74660.5,138689.27
405,406,Shkurinskaya,1,75559.5,86773.46
406,407,Daqiao,1,39197.9,63403.1
407,408,Oštarije,0,63243.42,80218.28
408,409,Marseille,1,94827.0,78584.13
409,410,Chuoyuan,0,74918.77,74530.84
410,411,Jambesari,1,55999.96,94017.33
411,412,Tijucas,0,3657.06,104278.68
412,413,Santa Adélia,0,46789.79,95877.39
413,414,Anning,1,98548.68,39074.54
414,415,Bojongsarung,1,88981.33,19631.12
415,416,Brumado,1,70420.09,35269.07
416,417,Huaping,1,65420.13,18883.15
417,418,Dongshangguan,1,91806.83,82313.02
418,419,Kuala Lumpur,1,89249.56,36341.02
419,420,Hanušovice,1,90008.14,96709.14
420,421,Rialma,1,63585.64,46268.03
421,422,Léchovo,0,74968.08,110497.61
422,423,Atiquizaya,1,96684.0,45666.42
423,424,Kungshamn,1,17459.78,130349.49
424,425,Lazaro Cardenas,0,72272.41,17954.46
425,426,Sikasso,1,99456.44,116784.22
426,427,Obando,0,72737.41,91767.86
427,428,Cekcyn,0,21045.97,54301.98
428,429,Rozvadov,1,98750.61,43722.81
429,430,Guantun,1,20722.61,74088.14
430,431,San Felipe,1,42182.49,89351.23
431,432,Nzeto,1,63978.56,103186.57
432,433,Lomba do Loução,0,34547.65,83017.87
433,434,Đưc Trọng,1,28424.12,129195.55
434,435,Miguel Hidalgo,1,27726.9,131689.08
435,436,Malabago,0,54978.66,29722.64
436,437,Hyrynsalmi,1,70424.52,46030.27
437,438,Cachí,1,13831.43,125317.82
438,439,Circasia,0,3966.71,64112.46
439,440,Bunisari,0,76290.41,54767.82
440,441,Cuispes,1,31804.38,100388.3
441,442,Huaibei,1,42926.5,71805.39
442,443,Chornoliztsi,0,63235.11,83461.6
443,444,Xiangfu,0,35304.25,75879.19
444,445,Babakanjaya,0,58097.27,128019.82
445,446,Viçosa,1,10476.12,14221.97
446,447,Malinovoye Ozero,1,11914.77,94600.16
447,448,Cauto Cristo,0,66266.46,109642.23
448,449,Åhus,0,17154.66,44181.99
449,450,Phalaborwa,1,54077.78,57663.38
450,451,Chikushino-shi,1,42600.81,65830.71
451,452,Phibun Mangsahan,0,52749.44,78982.06
452,453,Tây Hồ,1,3048.42,54908.17
453,454,Harrisburg,1,5705.0,63182.2
454,455,Dayapan,1,53529.98,67927.05
455,456,Vale Maceiras,1,65205.34,15633.1
456,457,Pretana,1,62333.98,92919.1
457,458,Kungsör,1,40987.06,49088.44
458,459,Jiuxi,1,32633.92,45277.29
459,460,Sayḩūt,0,6503.59,99938.17
460,461,Yahotyn,1,13219.93,35446.11
461,462,Baoping,1,24998.18,129524.56
462,463,Jiru,1,88338.58,110424.66
463,464,Nūsay,1,84549.13,111079.67
464,465,Angoulême,1,25659.28,79098.15
465,466,Neyagawa,1,76202.87,23599.67
466,467,Los Rastrojos,1,74816.73,118788.19
467,468,Leran,1,42829.09,88398.58
468,469,Dobrzyca,1,29495.29,105640.62
469,470,Puyo,0,11603.72,23134.46
470,471,Anabar,1,68255.35,137619.77
471,472,Aţ Ţafīlah,0,72591.06,128983.82
472,473,Santo Isidro,1,41703.29,75649.71
473,474,Liuzhi,1,75352.13,63539.16
474,475,Bitola,0,18142.78,127694.48
475,476,Bilozerka,1,92639.02,69636.71
476,477,Thorpe,0,7270.89,79354.8
477,478,Ala,1,89577.33,97951.81
478,479,Wolofeo,1,92230.65,96094.97
479,480,Nastola,1,99634.9,73055.68
480,481,Gaomi,0,99310.99,18547.63
481,482,Tandel,1,54231.3,92287.77
482,483,Kōnosu,1,54201.11,126675.86
483,484,Herrljunga,1,30951.61,49627.27
484,485,Canghou,1,81550.74,80860.78
485,486,Puerto Maldonado,0,67597.15,105736.54
486,487,Ushiku,1,59208.32,60750.25
487,488,Mucuri,0,51142.89,32324.27
488,489,Tiedonglu,0,91204.4,65296.06
489,490,Shinyanga,0,99288.89,53822.92
490,491,Malonty,0,95835.31,87524.68
491,492,Sidi Lamine,0,64782.27,74770.96
492,493,Ciseda,1,35036.76,69576.18
493,494,Snizhne,0,23630.5,139828.1
494,495,Pallasovka,0,3532.33,31784.72
495,496,Aqaba,1,74816.91,46072.37
496,497,Monte Mor,0,47705.23,44229.14
497,498,Tallbīsah,0,83851.39,21129.54
498,499,Batakte,1,90441.06,139750.2
499,500,Baikouquan,1,10327.72,68356.39
500,501,Shāhzādpur,0,87375.53,38817.88
501,502,Jūrīsh,0,84761.5,22787.0
502,503,Lille,1,73273.72,33862.15
503,504,Przewóz,0,1091.83,102496.0
504,505,Prokhorovka,1,83670.0,103013.85
505,506,Fengsheng,1,64135.08,96119.46
506,507,Pensacola,0,3127.63,22934.35
507,508,Dengmu,0,66257.87,50663.55
508,509,Fandriana,0,47978.82,25597.82
509,510,Tiantang,1,81480.08,121131.81
510,511,Potulando,1,92065.54,118408.81
511,512,Paris 12,1,10443.02,62982.98
512,513,Karatsu,1,29405.3,122099.9
513,514,Zengfu,1,6037.92,56291.05
514,515,Södra Sandby,0,21240.96,132319.67
515,516,Mukayrās,1,50939.48,35326.74
516,517,Klinan,1,27171.02,19261.14
517,518,Zwolle,0,43139.18,22072.89
518,519,Emiliano Zapata,1,7315.24,22805.79
519,520,Manacsac,0,71624.27,54709.96
520,521,Lycksele,0,17683.04,73510.27
521,522,Quinta dos Frades,0,30792.36,30438.75
522,523,Al Ma‘allā’,1,38494.95,131338.0
523,524,Lunen,1,99760.96,120312.79
524,525,Wonodadi,1,26703.68,91129.81
525,526,Labansari,0,8412.61,116153.2
526,527,Bahuang,0,31283.46,123404.02
527,528,Lepoglava,1,38572.58,90531.74
528,529,Dongshangen,1,91006.79,86976.77
529,530,Wolowona,1,50555.68,57017.28
530,531,Itatinga,1,71997.79,115379.31
531,532,Yaguajay,1,49377.98,136201.83
532,533,Beicang,0,34682.11,138691.23
533,534,Mestre,0,82906.48,78620.3
534,535,Elimäki,0,95862.22,102763.67
535,536,Shënmëri,0,98264.28,24788.72
536,537,Buka,0,36332.03,19944.85
537,538,Buikwe,1,69625.36,100717.34
538,539,Ellös,1,78752.39,120154.06
539,540,Américo Brasiliense,1,4049.82,17747.15
540,541,Huilong,1,9564.11,111930.21
541,542,Gubskaya,0,43050.52,122101.42
542,543,Douala,0,7864.24,28756.85
543,544,Perpignan,0,79395.23,83125.43
544,545,Trongsa,0,4481.91,127502.23
545,546,Virden,0,33315.33,51910.46
546,547,Izumo,1,93899.41,119362.4
547,548,Vetlanda,1,97413.68,101375.31
548,549,Garbolovo,0,90985.77,117970.08
549,550,Taiyangling,1,58778.21,60099.14
550,551,Dadong,1,66541.85,109418.52
551,552,San Javier,0,90809.17,132761.18
552,553,Takāb,1,5465.64,16856.57
553,554,Slavyansk-na-Kubani,0,54732.63,113342.73
554,555,Ciburial,1,40502.4,11576.9
555,556,Chemerivtsi,1,51870.02,57477.09
556,557,Augusto Corrêa,1,46145.13,47042.45
557,558,Santo Tomas,1,7473.39,64539.16
558,559,Kuusjoki,1,7348.07,45019.66
559,560,Sātkania,1,41709.01,31701.11
560,561,Pozo Hondo,0,70788.54,132348.69
561,562,Lewodoli,0,22561.92,34067.86
562,563,Vantaa,0,73267.56,27082.75
563,564,Takahashi,1,53086.23,117046.3
564,565,Dasuhe,0,57152.39,92622.16
565,566,Leiguan,1,51179.21,21585.85
566,567,Enriquillo,1,95314.68,14888.57
567,568,Šmartno pri Litiji,0,85698.46,115806.68
568,569,Santo Amaro,0,29892.6,35183.65
569,570,Promyshlennovskiy,0,13696.37,76807.8
570,571,Henglan,0,69418.48,89167.75
571,572,Oetua,0,9376.29,80432.66
572,573,Sollefteå,0,19283.39,19410.93
573,574,Ban Takhun,0,56371.1,41324.49
574,575,Mahong,0,22942.1,39450.7
575,576,Sambungjaya,1,67965.4,70052.92
576,577,Maisons-Laffitte,1,32869.76,34621.55
577,578,Bontoc,0,53283.01,85713.86
578,579,Nouaseur,1,24343.5,69890.71
579,580,Duozhu,0,5390.0,41912.48
580,581,Carvalhinho,1,52768.88,134782.76
581,582,Kuncen,0,4701.86,31848.52
582,583,Yamethin,0,85723.23,46634.45
583,584,San Jacinto,0,69002.83,39620.92
584,585,Ulcinj,1,88080.51,43898.04
585,586,Flandes,1,30150.48,101406.09
586,587,Trảng Bàng,1,40537.48,80154.21
587,588,Karonga,0,73443.59,96535.01
588,589,Calinaoan Malasin,1,54024.98,52014.2
589,590,Shimen,1,93064.75,109336.68
590,591,Youcheng,0,11043.21,35731.55
591,592,Agustín Codazzi,1,12433.06,101965.15
592,593,Tubli,0,56393.88,96571.17
593,594,Krajenka,1,30688.33,127023.55
594,595,Chulabhorn,1,59752.96,94026.96
595,596,Chipinge,1,45483.51,46896.0
596,597,Boavista,0,12264.29,55405.69
597,598,Enköping,0,89130.26,101407.2
598,599,Masu,0,91971.39,60556.46
599,600,Tonghong,1,35586.92,84383.76
600,601,Farīmān,1,79698.93,38767.86
601,602,Nizao,1,71893.38,119648.58
602,603,Adiaké,0,60096.65,106925.9
603,604,Khon Buri,0,74492.06,94964.6
604,605,Kostopil’,1,71594.46,44497.32
605,606,Mandepa Barat,1,60809.92,20644.42
606,607,Carodok,0,85663.6,134978.08
607,608,Huaihua,0,28529.83,118433.92
608,609,Myadzyel,1,9818.88,118078.32
609,610,Taraz,0,68350.8,125179.96
610,611,Medina Estates,0,95288.6,105513.94
611,612,Ake-Eze,1,7011.76,96736.9
612,613,Creil,1,57261.71,37312.02
613,614,Punta Hermosa,1,7378.66,113543.87
614,615,Passal,1,6374.65,40898.9
615,616,Dairiti,1,85516.91,135627.56
616,617,Alicante/Alacant,0,98553.52,130669.0
617,618,Sasovo,1,27747.04,125039.03
618,619,Sigetec,1,68032.74,89862.44
619,620,Runan,1,64751.16,94627.47
620,621,Dzuunmod,1,89149.71,99343.48
621,622,Hongguang,0,17905.53,131831.82
622,623,Võhma,1,51612.85,40969.97
623,624,Siikajoki,1,64842.92,51810.48
624,625,Opatów,1,93649.45,52708.05
625,626,Cedar Rapids,0,24145.34,60932.99
626,627,Panjakent,1,84976.82,122136.83
627,628,Taling Chan,0,72195.63,14082.64
628,629,Yongfa,1,36385.97,33017.88
629,630,Fram,1,69774.52,20084.24
630,631,Taokeng,1,56381.56,136299.19
631,632,Kunyang,0,33357.09,112380.61
632,633,Inderka,1,85732.32,76384.4
633,634,Zhuxing Chaoxianzu,0,92082.25,123584.73
634,635,Göteborg,1,23115.45,73557.24
635,636,Eshowe,0,21657.89,23355.0
636,637,Labytnangi,0,62168.85,69900.0
637,638,Hupalivka,1,16535.05,11332.89
638,639,Francisco Sarabia,0,3059.23,117817.46
639,640,Acolla,1,2439.71,47659.05
640,641,Sukakarya,0,90139.47,70904.81
641,642,Shoushan,1,73599.03,105213.15
642,643,Cidahu,1,36485.21,11764.94
643,644,Aghada,1,68364.0,36966.01
644,645,Tarrafal,1,18799.23,64840.99
645,646,Salinggara,1,29251.47,125069.75
646,647,San Sebastian,1,58580.05,126120.19
647,648,Banatski Despotovac,1,59430.91,24083.57
648,649,Haixing,1,58826.48,100013.29
649,650,Mongo,1,24394.03,39742.6
650,651,Tubajon,1,45736.2,89164.03
651,652,Puerto Plata,0,2448.36,130718.88
652,653,Borås,1,62843.06,47157.81
653,654,Borovskiy,1,48643.91,48213.5
654,655,Vannes,0,31353.08,131939.27
655,656,Cocobeach,0,84568.9,138223.37
656,657,Fengyan,1,93110.04,116331.99
657,658,Gaiyang,0,50388.55,44362.24
658,659,Laiya,1,59028.72,109478.8
659,660,Krasnoye,0,94454.29,86043.81
660,661,Mörön,0,27417.68,88883.47
661,662,El Águila,1,7604.01,67439.78
662,663,Toledo,1,51340.43,75265.93
663,664,Lyon,0,77349.66,65581.18
664,665,Masu,1,44344.26,100303.35
665,666,Dawusu,0,38686.92,102871.23
666,667,Songhae,1,21541.73,84213.92
667,668,Saint-Denis,1,66290.58,133750.35
668,669,Arnelas,1,1760.39,28785.55
669,670,Mehar,0,59627.43,46381.29
670,671,Takayama,0,83878.36,97803.46
671,672,Zagora,0,90633.7,83336.86
672,673,Ejigbo,0,4160.05,107679.76
673,674,Swellendam,1,27774.85,60116.45
674,675,Shūkat aş Şūfī,0,48513.19,139412.41
675,676,Billings,0,57831.58,35901.62
676,677,Saddina,0,50440.37,127216.61
677,678,Dingbu,1,40584.98,99186.73
678,679,Kitamilo,0,72691.77,81119.37
679,680,Laimuda,0,91244.79,100695.16
680,681,Dulolong,1,42478.39,80741.85
681,682,Swedru,1,98073.46,15578.04
682,683,Karlskrona,0,91850.39,35465.96
683,684,Tarbes,0,98622.39,23507.67
684,685,Chengui,0,63665.85,87544.39
685,686,Elliot,0,93193.44,17728.31
686,687,Banjar Serangan,0,29579.5,47928.68
687,688,Silago,1,8589.68,135048.7
688,689,Krajan,0,9374.52,70429.16
689,690,Pórto Chéli,1,67925.07,93039.71
690,691,Volkhov,1,75077.93,132318.62
691,692,Mander,1,1609.76,66726.38
692,693,Susunan,1,98058.97,32188.51
693,694,Pŭrvomaytsi,0,75043.15,76229.08
694,695,Esperanza,0,75502.11,24871.27
695,696,Ribeira Grande,0,96078.48,59824.08
696,697,Nishi-Tokyo-shi,1,37055.58,42451.24
697,698,Dawa-Dawa,0,15060.52,134458.62
698,699,Kapatagan,1,92535.7,127432.64
699,700,Malārd,1,3130.8,105443.55
700,701,Lisičani,0,10729.46,74437.01
701,702,Liulimiao,1,36146.6,72348.42
702,703,Esigodini,1,14604.93,114636.09
703,704,Istaravshan,1,39914.76,47673.31
704,705,Zhuting,0,36888.59,83154.63
705,706,Haykashen,1,55590.18,72450.69
706,707,Guatimozín,1,3093.59,136419.41
707,708,Kista,0,93055.14,82064.66
708,709,Garland,0,69844.47,77524.16
709,710,Quinta,1,9340.57,12438.67
710,711,Looc,1,96407.39,59584.56
711,712,Nouakchott,0,35887.58,108949.32
712,713,Xiatuanpu,0,61775.85,97756.84
713,714,Gävle,1,11843.94,47152.43
714,715,Lumsden,1,54712.91,69256.85
715,716,Zaymishche,1,92099.38,39774.56
716,717,Majie,0,86978.77,106526.61
717,718,Oguta,1,77010.02,39066.36
718,719,Welisara,1,51145.43,60849.71
719,720,Poddębice,1,77051.2,101961.96
720,721,Ulcinj,0,2867.76,49559.37
721,722,Yamaguchi-shi,1,54848.43,117867.24
722,723,Minh Lương,0,48022.87,36513.54
723,724,Changsha,0,34068.58,134712.76
724,725,Oslo,0,67578.73,135078.53
725,726,Catumbela,1,76134.5,13502.1
726,727,San Agustin,1,52808.79,122319.78
727,728,Musashino,0,18035.41,116458.71
728,729,Agrelo,0,21633.17,44424.27
729,730,Arenal,1,78120.64,128659.65
730,731,Juai,1,86834.96,122625.49
731,732,Pingsha,1,84644.53,34297.85
732,733,Toyohashi,1,92766.37,104401.2
733,734,Turki,1,40895.58,42830.04
734,735,Gongfang,0,72160.14,60536.29
735,736,Manay,0,25490.62,107737.74
736,737,Pskov,1,66961.79,118283.18
737,738,Trondheim,0,23249.61,102220.69
738,739,Daishan,0,14243.79,35416.97
739,740,Ban Na Muang,1,68531.89,103159.07
740,741,Gelemso,0,52664.08,94402.7
741,742,Vannes,1,38559.01,53069.13
742,743,Yunmen,1,81953.89,79056.8
743,744,Magisterial,0,57538.66,67782.82
744,745,Tegallega,0,55639.9,55924.62
745,746,Feilaixia,0,40565.48,67248.34
746,747,Loacan,0,84587.11,97238.36
747,748,Tiebiancheng,1,34381.01,132359.22
748,749,Liliana,1,21142.71,15897.65
749,750,Tourcoing,0,30027.47,65153.52
750,751,Andou,1,33816.8,20888.36
751,752,Kashiwa,1,14481.05,76534.42
752,753,Belén de Escobar,1,51674.93,19335.24
753,754,Bishkek,1,36150.43,130116.64
754,755,Zhougang,0,66480.24,31629.78
755,756,Bedalewun,1,95677.75,80799.9
756,757,Cipinang,1,29793.48,46242.55
757,758,Xingong,1,38761.8,49672.9
758,759,Tanabe,0,97864.83,62125.72
759,760,Pereira Barreto,0,15845.25,81162.15
760,761,Chelbasskaya,1,31189.48,87652.7
761,762,Staryy Merchyk,0,45990.76,91170.06
762,763,Yengiawat,0,14744.65,100136.39
763,764,Dunyāpur,1,83458.07,48837.45
764,765,Sävedalen,0,71119.23,28320.0
765,766,Tonghong,0,30524.03,113702.38
766,767,Dulce Nombre de Culmí,1,97372.36,84069.62
767,768,Dandu,0,35074.77,104774.88
768,769,Zhanxu,1,5246.38,45430.3
769,770,Sierra Imataca,1,9411.28,84050.52
770,771,Panimbang,0,78045.62,125907.77
771,772,Baturité,1,95441.69,53325.61
772,773,Moulay Abdallah,0,70688.26,106571.91
773,774,Monte Patria,1,63134.17,130036.58
774,775,Toulouse,1,39354.0,112724.53
775,776,Pyšely,0,19073.81,132051.94
776,777,Chenjiaba,0,87493.55,69535.11
777,778,Wisznice,1,27247.06,134905.25
778,779,Turpo,1,34152.99,80158.81
779,780,Mari,1,51643.94,11586.3
780,781,Primorsko,0,3535.67,27723.57
781,782,Martin,1,51585.1,72991.44
782,783,Paris 13,0,32151.74,50934.08
783,784,Washington,0,13399.29,81409.48
784,785,Dajanrurung,1,53356.2,92287.79
785,786,Mayuan,0,82443.4,131855.88
786,787,Tepal,1,88658.29,130778.67
787,788,Sumberagung,0,28788.59,109634.22
788,789,Koror,0,33367.82,22652.53
789,790,Kumbo,0,93704.61,65549.76
790,791,Bykhaw,1,43547.39,134357.39
791,792,Iperó,1,68640.27,133887.54
792,793,Karantaba,1,94747.43,39145.22
793,794,Lebedyn,1,70586.04,11529.01
794,795,Paris 16,0,19749.11,21624.08
795,796,Vittoriosa,1,58205.41,13773.71
796,797,Norrköping,1,64141.92,20050.75
797,798,Dawang,0,40422.77,109287.36
798,799,Miyazu,1,11257.34,56299.17
799,800,Pamatang,0,23540.81,61250.38
800,801,Duishan,0,61914.68,13664.25
801,802,Yangyu,0,96014.71,88673.9
802,803,Tulungrejo,1,40056.2,136886.16
803,804,Zouma,0,43739.87,116858.08
804,805,Köln,0,82185.57,102639.63
805,806,Nantuo,0,48750.44,119367.05
806,807,Casais de Revelhos,0,65297.28,136691.21
807,808,Ad Dawḩah,1,95878.13,21146.63
808,809,Vyshhorod,1,11683.36,99198.8
809,810,Waru,1,89305.68,114613.38
810,811,Songdong,1,14719.78,103325.87
811,812,Hexi,0,58368.14,90000.56
812,813,La Palma,1,8070.91,36012.61
813,814,Vale Mourão,1,27571.22,19744.45
814,815,Point Hill,1,86032.29,76685.82
815,816,Pung-Pang,1,40095.28,127271.71
816,817,Yŏnan-ŭp,1,15244.82,94571.87
817,818,Kekeran,0,18026.37,132852.31
818,819,Ban Talat Bueng,1,5698.47,62141.03
819,820,Sampangan,0,68253.68,97464.89
820,821,Mbale,0,8459.74,26097.45
821,822,Makin Village,1,41723.17,52174.7
822,823,Karmah an Nuzul,0,43308.57,13285.43
823,824,Dolo,1,96128.23,43718.34
824,825,Banjar Kertasari,0,26710.56,95851.28
825,826,Butou,1,55184.16,106382.69
826,827,San Lorenzo,1,6270.86,34619.03
827,828,Medvedok,0,85110.33,54063.88
828,829,Mondokan,1,51765.66,126170.61
829,830,Thung Yang Daeng,0,98047.94,89746.11
830,831,Selorejo,1,64373.89,109828.64
831,832,Purong,1,71700.71,19653.56
832,833,Srebrenica,1,1884.6,107805.06
833,834,‘Abs,0,38684.29,139603.26
834,835,Asahbadung,1,24167.34,75881.11
835,836,Quảng Yên,1,1458.15,105295.67
836,837,Pau,1,69183.17,46194.31
837,838,Banpu,0,70715.27,31159.15
838,839,Engel’-Yurt,0,11024.41,96102.63
839,840,Jingzhou,0,83834.49,35147.8
840,841,Lefkímmi,1,15582.81,17946.01
841,842,Kowŏn-ŭp,1,9484.95,24844.29
842,843,Kranggan,0,74886.66,125157.18
843,844,Igrejinha,1,19934.95,127220.97
844,845,Skidal’,1,30555.39,95526.38
845,846,Struga,1,16096.1,28739.9
846,847,Antanhol,1,40222.06,36206.77
847,848,Rogoźnik,1,42292.44,101013.55
848,849,Cayenne,0,65208.86,40173.93
849,850,Kisarazu,1,71424.33,72722.28
850,851,Bourgoin-Jallieu,1,1263.18,21815.3
851,852,Ciparay,1,39879.69,84116.53
852,853,Saint-Quentin,0,19798.33,48928.28
853,854,Molagavita,0,58374.99,62814.91
854,855,Salento,0,18120.45,102091.34
855,856,Banatski Despotovac,1,69590.4,13794.92
856,857,Dadukou,1,76301.59,112331.58
857,858,George Hill,1,82891.63,133258.39
858,859,Mullsjö,1,76453.64,21549.29
859,860,Porsgrunn,0,55407.19,34400.69
860,861,Itaporanga,0,62277.8,54219.95
861,862,Santa Elena de Uairén,0,39301.72,124429.19
862,863,Jiancheng,1,29095.69,87704.8
863,864,Kruševo,1,28400.37,70332.77
864,865,Melioratyvne,0,31840.27,14091.94
865,866,Jiangkou,1,56336.4,32543.73
866,867,Regla,1,51394.11,139016.47
867,868,Saint Augustine,0,84118.69,72152.19
868,869,Albuquerque,0,13403.23,59557.7
869,870,Nova Odessa,0,74282.56,98723.45
870,871,Lae,0,87233.17,74153.61
871,872,Angadanan,0,13545.3,84373.19
872,873,Svyetlahorsk,1,67827.17,60311.36
873,874,Encañada,0,40525.33,100218.58
874,875,Khon San,0,19635.37,75926.29
875,876,Huicheng,1,53059.59,105594.91
876,877,Cabiao,0,94719.42,139634.39
877,878,Stony Hill,1,89268.31,74473.35
878,879,Long’an Chengxiangzhen,1,73040.13,128638.89
879,880,Al Mushannaf,0,20362.22,75012.21
880,881,Tortosendo,0,79883.4,80025.12
881,882,Huanghu,0,4710.89,25125.42
882,883,Gao’an,1,52667.83,108138.04
883,884,San Andres,1,83106.9,67187.65
884,885,Rýmařov,0,2986.14,52748.11
885,886,Morrito,0,99805.7,48322.87
886,887,Mora,1,31776.96,118803.2
887,888,Los Dos Caminos,0,9011.73,16645.22
888,889,Södra Sandby,0,92972.44,47120.5
889,890,Rouen,1,38308.62,76081.48
890,891,Itzig,0,59764.05,30445.71
891,892,Thorpe,1,9374.3,13133.95
892,893,Sośnie,1,1368.67,20691.95
893,894,Brzączowice,0,43708.88,120577.35
894,895,Tisco,1,34416.66,99510.36
895,896,Ransiki,1,30786.54,84423.75
896,897,Tambo Grande,1,52197.8,119059.04
897,898,Zumiao,1,81468.43,18543.25
898,899,Valladolid,0,11927.54,93506.35
899,900,Gubo,1,36125.64,105883.75
900,901,Ajaccio,0,38420.85,49489.52
901,902,Tsovazard,0,4750.11,117541.87
902,903,Lautaro,1,15294.32,86887.3
903,904,Sal’sk,0,82631.69,113847.08
904,905,Bafia,0,73444.53,91739.25
905,906,Danao,1,56285.77,53597.15
906,907,Paraiso,1,37451.86,18119.22
907,908,Sopla,0,87002.67,109289.31
908,909,Nart,0,95367.47,23673.04
909,910,Asahi,1,75362.04,38607.86
910,911,Monte Azul Paulista,0,12037.38,100321.63
911,912,Verdun,1,76944.18,76178.75
912,913,Shataping,1,74288.96,126544.14
913,914,Pępowo,1,86693.33,117040.9
914,915,Tubo,1,83328.32,64795.82
915,916,Rio de Mouro,1,80641.13,51841.23
916,917,Fort Worth,1,68839.53,82223.59
917,918,La Ceja,0,8992.88,26872.76
918,919,Biguaçu,0,79556.54,48935.95
919,920,Castleblayney,0,16084.93,133109.0
920,921,Kwangmyŏng,1,64915.34,64664.29
921,922,Xiangjia,0,28854.95,111176.14
922,923,Montgomery,0,77516.18,106958.56
923,924,Barberton,0,57507.73,95977.97
924,925,Gradačac,1,71550.51,67428.14
925,926,Yuncheng,0,77657.63,31587.31
926,927,Brochów,0,58728.9,88305.07
927,928,Baitao,1,2634.18,26862.0
928,929,Gunung,1,69854.88,60647.73
929,930,Mata de São João,0,60518.0,76422.82
930,931,Chenzhou,1,6444.06,87189.03
931,932,Dabancheng,1,81196.98,99627.53
932,933,Sieradza,0,74119.36,94005.45
933,934,Otacílio Costa,1,69759.33,66731.59
934,935,Cimahi,1,99630.63,74885.89
935,936,Chernivtsi,0,49756.35,17188.59
936,937,Xiangyang,1,70617.13,15366.27
937,938,Sanzao,0,26679.27,83191.06
938,939,Jacksonville,1,27634.48,83107.93
939,940,Puerto La Cruz,0,17272.54,108429.88
940,941,Rancapare,1,53291.61,36790.06
941,942,Itaúna,0,85987.86,94040.71
942,943,Molepolole,0,95980.15,90918.74
943,944,Yixingfu,0,75008.0,50793.21
944,945,Gaigeturi,0,52516.51,17476.05
945,946,Biscoitos,1,71574.19,49673.49
946,947,Telmin Suma,1,60801.46,63341.3
947,948,Cabrero,0,8302.31,14055.56
948,949,Kamieniec,1,42996.54,32365.65
949,950,Cilegi,0,89604.92,24567.41
950,951,Philadelphia,1,39074.87,101350.21
951,952,Türkmenbaşy,0,64081.02,98342.03
952,953,Putrajaya,0,50789.31,92089.06
953,954,Faya-Largeau,1,97285.34,96182.44
954,955,Villa del Carmen,0,35446.29,126085.35
955,956,Salinas,0,19025.81,127112.77
956,957,Abreu e Lima,0,64714.32,59597.21
957,958,Pisz,0,59870.46,127044.33
958,959,Bakunase,1,19269.53,18946.15
959,960,Qianjiang,1,44208.83,123801.13
960,961,Tanahwurung,1,88833.27,137748.49
961,962,Huangshi,0,48886.35,98712.49
962,963,Santa Cruz,1,45455.36,53786.99
963,964,Bual,1,35252.66,125509.93
964,965,Bystřany,0,44814.24,108612.88
965,966,Azor,1,88685.41,131601.41
966,967,Arnage,0,65971.1,130696.84
967,968,Samara,0,66390.54,15213.3
968,969,Dālbandīn,0,46360.38,83592.28
969,970,San Patricio,0,77599.11,135400.19
970,971,Vysoké Mýto,1,88156.49,112418.68
971,972,Norrtälje,1,93645.39,127633.84
972,973,Zunilito,1,82970.24,93096.45
973,974,Irricana,0,20599.45,27534.97
974,975,Alcabideche,0,15509.91,138433.7
975,976,Sabugueiro,0,70893.83,62696.88
976,977,Ritaebang,0,76939.35,36548.52
977,978,Tobruk,1,41028.18,128960.13
978,979,Gashua,1,32240.56,50677.12
979,980,Arazane,1,93960.74,59130.52
980,981,Cipaku,1,27824.22,59500.49
981,982,Kasreman Wetan,0,75093.57,44673.46
982,983,Viterbo,0,92972.4,131380.21
983,984,Niquelândia,0,87319.59,103145.65
984,985,Eldoret,1,45911.14,14555.37
985,986,Baxiangshan,0,90499.11,122207.21
986,987,Zherdevka,0,12435.04,130176.02
987,988,Odesskoye,0,91347.61,120438.93
988,989,Saint-Augustin-de-Desmaures,1,54051.83,44780.8
989,990,Kadoma,0,1910.66,51878.87
990,991,Nagqu,0,80417.85,74559.79
991,992,Arroyo Salado,0,36695.83,123081.65
992,993,Santo Antônio do Amparo,0,13560.04,23849.11
993,994,Lazaro Cardenas,1,2285.09,43456.14
994,995,Ramos West,1,90871.82,33750.4
995,996,Tsagaanchuluut,0,87341.86,12369.21
996,997,Virovitica,0,20810.66,122393.52
997,998,Wensu,1,64414.6,66510.58
998,999,Mino,1,55490.04,64594.0
